leader_id|leader|attached_id|attached
584|Warlock Conclave|590|Storm Guardians
2266|Librarian|3698|Inner Circle Companions
1447|Shield-captain|1559|Custodian Guard With Adrasite And Pyrithite Spears
4069|Sorcerer On Disc Of Tzeentch|4064|Legionaries
4068|Sorcerer|4064|Legionaries
4227|Bannernob|16|Boyz
83|Captain With Jump Pack|165|Sanguinary Guard
846|Cybernetica Datasmith|845|Kastelan Robots
4173|Inquisitor Ostromandeus|2767|Inquisitorial Agents
73|Captain|2780|Fortis Kill Team
1553|Ministorum Priest|909|Dominion Squad
2291|Sammael|241|Ravenwing Black Knights
1553|Ministorum Priest|896|Arco-flagellants
1126|Exalted Flamer|1125|Flamers
630|Irillyth|615|Shadow Spectres
3715|Benefictus|512|Neophyte Hybrids
3715|Benefictus|513|Hybrid Metamorphs
3715|Benefictus|3716|Acolyte Hybrids With Hand Flamers
3715|Benefictus|511|Acolyte Hybrids With Autopistols
2793|Castellan|1154|Vanguard Veteran Squad
2100|Adrax Agatone|71|Bladeguard Veteran Squad
2266|Librarian|1606|Assault Intercessor Squad
10|Boss Zagstruk|27|Stormboyz
3845|Dark Commune|3850|Cultist Mob with Firearms
4136|Crusade Ancient|2798|Sword Brethren Squad
4161|Troupe Master|4164|Troupe
2535|Shadowseer|2536|Troupe
73|Captain|2799|Crusader Squad
2542|Yvraine|3916|Ynnari Kabalite Warriors
140|Techmarine|70|Tactical Squad
2542|Yvraine|590|Storm Guardians
2542|Yvraine|589|Guardian Defenders
2542|Yvraine|2531|Corsair Voidreavers
2542|Yvraine|2532|Corsair Voidscarred
2543|The Visarch|2532|Corsair Voidscarred
2543|The Visarch|589|Guardian Defenders
2543|The Visarch|2531|Corsair Voidreavers
2543|The Visarch|590|Storm Guardians
2543|The Visarch|3916|Ynnari Kabalite Warriors
4136|Crusade Ancient|2799|Crusader Squad
1611|Chief Librarian Tigurius|2255|Sternguard Veteran Squad
1370|Tallyman|1044|Plague Marines
4198|Prince Yriel|4169|Corsair Voidscarred
4204|Ferren Areios|2103|Command Squad
3845|Dark Commune|3856|Negavolt Cultists
121|Uriel Ventris|1157|Intercessor Squad
1579|Inquisitor Eisenhorn|3822|Deathwatch Terminator Squad
3702|Kroot Trail Shaper|2588|Kroot Farstalkers
877|Inquisitor|3818|Sisters of Battle Squad
148|Imperial Space Marine|1154|Vanguard Veteran Squad
3871|Watch Master|4175|Decimus Kill Team
121|Uriel Ventris|61|Assault Squad
2707|Judiciar|64|Assault Squad with Jump Packs
3872|Watch Captain Artemis|2783|Deathwatch Veterans
158|Sanguinary Priest|2202|Devastator Squad
140|Techmarine|324|Skyclaws
460|Hive Tyrant|471|Tyrant Guard
461|The Swarmlord|471|Tyrant Guard
462|Old One Eye|490|Carnifexes
463|Broodlord|467|Genestealers
507|Patriarch|515|Purestrain Genestealers
508|Magus|512|Neophyte Hybrids
508|Magus|513|Hybrid Metamorphs
508|Magus|3716|Acolyte Hybrids With Hand Flamers
508|Magus|511|Acolyte Hybrids With Autopistols
509|Primus|3716|Acolyte Hybrids With Hand Flamers
509|Primus|511|Acolyte Hybrids With Autopistols
509|Primus|512|Neophyte Hybrids
509|Primus|513|Hybrid Metamorphs
510|Acolyte Iconward|512|Neophyte Hybrids
510|Acolyte Iconward|513|Hybrid Metamorphs
510|Acolyte Iconward|3716|Acolyte Hybrids With Hand Flamers
510|Acolyte Iconward|511|Acolyte Hybrids With Autopistols
522|Imotekh The Stormlord|534|Necron Warriors
522|Imotekh The Stormlord|536|Lychguard
522|Imotekh The Stormlord|535|Immortals
523|Overlord|534|Necron Warriors
523|Overlord|535|Immortals
523|Overlord|536|Lychguard
524|Lord|534|Necron Warriors
524|Lord|535|Immortals
524|Lord|536|Lychguard
527|Nemesor Zahndrekh|534|Necron Warriors
527|Nemesor Zahndrekh|536|Lychguard
527|Nemesor Zahndrekh|535|Immortals
528|Vargard Obyron|534|Necron Warriors
528|Vargard Obyron|535|Immortals
528|Vargard Obyron|536|Lychguard
530|Orikan The Diviner|534|Necron Warriors
530|Orikan The Diviner|535|Immortals
531|Anrakyr The Traveller|535|Immortals
532|Trazyn The Infinite|534|Necron Warriors
532|Trazyn The Infinite|535|Immortals
532|Trazyn The Infinite|536|Lychguard
568|Eldrad Ulthran|589|Guardian Defenders
568|Eldrad Ulthran|590|Storm Guardians
4135|Execrator|2799|Crusader Squad
2701|Captain In Phobos Armour|2779|Spectrus Kill Team
4194|Kharseth|2532|Corsair Voidscarred
4194|Kharseth|2531|Corsair Voidreavers
570|Illic Nightspear|592|Rangers
571|Asurmen|593|Dire Avengers
572|Jain Zar|594|Howling Banshees
573|Karandras|595|Striking Scorpions
574|Fuegan|596|Fire Dragons
575|Baharroth|600|Swooping Hawks
576|Maugan Ra|607|Dark Reapers
577|Autarch|595|Striking Scorpions
577|Autarch|590|Storm Guardians
577|Autarch|594|Howling Banshees
577|Autarch|589|Guardian Defenders
577|Autarch|596|Fire Dragons
577|Autarch|593|Dire Avengers
577|Autarch|607|Dark Reapers
580|Autarch Skyrunner|591|Windriders
902|Dialogus|4189|Celestian Insidiants
582|Farseer|590|Storm Guardians
148|Imperial Space Marine|61|Assault Squad
1553|Ministorum Priest|4075|Sanctifiers
585|Warlock|590|Storm Guardians
585|Warlock|589|Guardian Defenders
439|Shas’o R’alai|443|Xv9 Hazard Battlesuits
1649|Syll’esske|1142|Daemonettes
2088|Aleya|2523|Witchseekers
2088|Aleya|2522|Vigilators
2088|Aleya|2521|Prosecutors
1565|Jackal Alphus|1574|Atalan Jackals
1567|Clamavus|512|Neophyte Hybrids
1567|Clamavus|513|Hybrid Metamorphs
1567|Clamavus|3716|Acolyte Hybrids With Hand Flamers
1567|Clamavus|511|Acolyte Hybrids With Autopistols
1568|Locus|511|Acolyte Hybrids With Autopistols
1568|Locus|3716|Acolyte Hybrids With Hand Flamers
1568|Locus|512|Neophyte Hybrids
1568|Locus|513|Hybrid Metamorphs
1571|Nexos|511|Acolyte Hybrids With Autopistols
1571|Nexos|3716|Acolyte Hybrids With Hand Flamers
1571|Nexos|512|Neophyte Hybrids
1571|Nexos|513|Hybrid Metamorphs
1572|Biophagus|512|Neophyte Hybrids
1572|Biophagus|513|Hybrid Metamorphs
1572|Biophagus|511|Acolyte Hybrids With Autopistols
1572|Biophagus|3716|Acolyte Hybrids With Hand Flamers
1572|Biophagus|514|Aberrants
1579|Inquisitor Eisenhorn|4174|Aquila Kill Team
2702|Captain on Bike|2712|Outrider Squad
902|Dialogus|2507|Sisters Novitiate Squad
1553|Ministorum Priest|894|Crusaders
2064|Junith Eruita|4189|Celestian Insidiants
2064|Junith Eruita|903|Battle Sisters Squad
1579|Inquisitor Eisenhorn|3825|Fortis Kill Team
63|Apothecary on Bike|116|Bike Squad
2479|Morvenn Vahl|2483|Paragon Warsuits
2064|Junith Eruita|4075|Sanctifiers
901|Hospitaller|2507|Sisters Novitiate Squad
2480|Aestred Thurga And Agathae Dolan|2507|Sisters Novitiate Squad
2480|Aestred Thurga And Agathae Dolan|909|Dominion Squad
2063|Triumph Of Saint Katherine|894|Crusaders
1182|Ancient on Bike|116|Bike Squad
2482|Dogmata|4189|Celestian Insidiants
4204|Ferren Areios|64|Assault Squad with Jump Packs
2482|Dogmata|903|Battle Sisters Squad
900|Imagifier|4189|Celestian Insidiants
902|Dialogus|909|Dominion Squad
140|Techmarine|4175|Decimus Kill Team
876|Inquisitor Coteaz|2685|Exaction Squad
2350|Royal Warden|534|Necron Warriors
2350|Royal Warden|535|Immortals
2351|Lokhust Lord|2116|Lokhust Heavy Destroyers
2351|Lokhust Lord|2359|Lokhust Destroyers
2352|Technomancer|534|Necron Warriors
2352|Technomancer|535|Immortals
2352|Technomancer|546|Canoptek Wraiths
2353|Psychomancer|534|Necron Warriors
2353|Psychomancer|535|Immortals
2354|Chronomancer|534|Necron Warriors
2354|Chronomancer|535|Immortals
4190|Masters of the Maelstrom|4191|Red Corsairs Raiders
900|Imagifier|894|Crusaders
3943|Primaris Psyker|3977|Krieg Combat Engineers
1581|Master Of Possession|953|Possessed
938|Sorcerer|4191|Red Corsairs Raiders
3871|Watch Master|2783|Deathwatch Veterans
164|Lemartes|3837|Death Company Marines with Boltguns and Jump Packs
1589|Infernal Enrapturess|1142|Daemonettes
2775|Ancient|4137|Sternguard Veteran Squad
4072|Sorcerer In Terminator Armour|4043|Chaos Terminator Squad
1579|Inquisitor Eisenhorn|2767|Inquisitorial Agents
877|Inquisitor|2685|Exaction Squad
2678|Chaplain Cassius|2103|Command Squad
1344|Librarian with Jump Pack|324|Skyclaws
3812|Ministorum Priest|4074|Sanctifiers
877|Inquisitor|4174|Aquila Kill Team
1346|Lieutenant|2780|Fortis Kill Team
877|Inquisitor|2767|Inquisitorial Agents
2775|Ancient|2783|Deathwatch Veterans
2701|Captain In Phobos Armour|2806|Hounds Of Morkai
148|Imperial Space Marine|315|Wolf Guard
2707|Judiciar|4137|Sternguard Veteran Squad
4238|Clanblade|4235|Dragon Knights
4183|Marneus Calgar in Armour of Antilochus|1154|Vanguard Veteran Squad
1579|Inquisitor Eisenhorn|2587|Imperial Navy Breachers
2234|Primaris Company Champion|2799|Crusader Squad
2677|Ancient In Terminator Armour|3873|Deathwatch Terminator Squad
2468|Deathwing Strikemaster|118|Terminator Assault Squad
4049|Rogue Psyker|4050|Cultist Mob
152|Captain Tycho|1154|Vanguard Veteran Squad
13|Painboy|20|Tankbustas
876|Inquisitor Coteaz|2587|Imperial Navy Breachers
148|Imperial Space Marine|147|Vanguard Veteran Squad With Jump Packs
2234|Primaris Company Champion|2255|Sternguard Veteran Squad
902|Dialogus|2481|Celestian Sacresants
899|Canoness|894|Crusaders
901|Hospitaller|909|Dominion Squad
2480|Aestred Thurga And Agathae Dolan|894|Crusaders
2472|Palatine|903|Battle Sisters Squad
2707|Judiciar|2255|Sternguard Veteran Squad
2803|Wolf Guard Pack Leader In Terminator Armour|326|Long Fangs
2794|High Marshal Helbrecht|2799|Crusader Squad
1172|Captain In Gravis Armour|103|Eradicator Squad
4242|Nazdreg|24|Meganobz
4187|Captain Titus|71|Bladeguard Veteran Squad
874|Inquisitor Greyfax|3827|Spectrus Kill Team
2775|Ancient|315|Wolf Guard
4244|Ciaphas Cain|2613|Death Korps Of Krieg
112|Chaplain With Jump Pack|64|Assault Squad with Jump Packs
4|Weirdboy|16|Boyz
3872|Watch Captain Artemis|4175|Decimus Kill Team
2773|Apothecary|2098|Hellblaster Squad
2707|Judiciar|1157|Intercessor Squad
2775|Ancient|4175|Decimus Kill Team
4167|Suboden Khan|116|Bike Squad
2473|Tor Garadon|103|Eradicator Squad
119|Librarian In Phobos Armour|2718|Reiver Squad
2473|Tor Garadon|2099|Aggressor Squad
406|Commander Farsight|3699|Crisis Sunforge Battlesuits
73|Captain|2772|Company Heroes
3814|Watch Captain Artemis|3825|Fortis Kill Team
4187|Captain Titus|2098|Hellblaster Squad
899|Canoness|908|Retributor Squad
2795|Emperor’s Champion|1157|Intercessor Squad
2266|Librarian|61|Assault Squad
4135|Execrator|2798|Sword Brethren Squad
1580|Tech-priest Manipulus|1526|Secutarii Peltasts
3845|Dark Commune|3851|Accursed Cultists
1174|Chaplain|126|Infernus Squad
2796|Marshal|1154|Vanguard Veteran Squad
941|Sorcerer On Disc Of Tzeentch|3876|Nemesis Claw
2266|Librarian|2202|Devastator Squad
2792|Chaplain Grimaldus|126|Infernus Squad
151|Commander Dante|2776|Assault Intercessors With Jump Packs
2266|Librarian|2098|Hellblaster Squad
1346|Lieutenant|4175|Decimus Kill Team
160|Brother Corbulo|147|Vanguard Veteran Squad With Jump Packs
2100|Adrax Agatone|2255|Sternguard Veteran Squad
4198|Prince Yriel|4168|Corsair Voidreavers
2266|Librarian|2799|Crusader Squad
1611|Chief Librarian Tigurius|2270|Desolation Squad
2478|Skitarii Marshal|4211|Hastarii Exterminators
4068|Sorcerer|4044|Chosen
2793|Castellan|126|Infernus Squad
2726|Vulkan He’stan|2772|Company Heroes
2677|Ancient In Terminator Armour|230|Deathwing Terminator Squad
4045|Cultist Firebrand|4051|Cultist Mob with Firearms
1348|Librarian on Bike|1166|Company Veterans On Bikes
4188|Wardens of Ultramar|71|Bladeguard Veteran Squad
140|Techmarine|64|Assault Squad with Jump Packs
4187|Captain Titus|1606|Assault Intercessor Squad
225|Asmodai|71|Bladeguard Veteran Squad
158|Sanguinary Priest|2255|Sternguard Veteran Squad
1611|Chief Librarian Tigurius|1606|Assault Intercessor Squad
877|Inquisitor|3816|Deathwatch Kill Team
2794|High Marshal Helbrecht|1606|Assault Intercessor Squad
2795|Emperor’s Champion|2255|Sternguard Veteran Squad
899|Canoness|2507|Sisters Novitiate Squad
900|Imagifier|908|Retributor Squad
158|Sanguinary Priest|2098|Hellblaster Squad
158|Sanguinary Priest|71|Bladeguard Veteran Squad
2234|Primaris Company Champion|126|Infernus Squad
3832|Death Company Captain|1997|Death Company Marines
4232|Wolf Guard Battle Leader In Terminator Armour|104|Relic Terminator Squad
2773|Apothecary|71|Bladeguard Veteran Squad
160|Brother Corbulo|2202|Devastator Squad
4204|Ferren Areios|2798|Sword Brethren Squad
2234|Primaris Company Champion|147|Vanguard Veteran Squad With Jump Packs
2266|Librarian|4175|Decimus Kill Team
140|Techmarine|61|Assault Squad
1579|Inquisitor Eisenhorn|3828|Daemonhost
4244|Ciaphas Cain|2615|Kasrkin
4204|Ferren Areios|2783|Deathwatch Veterans
3848|Rogue Psyker|3856|Negavolt Cultists
2701|Captain In Phobos Armour|2806|Hounds Of Morkai
3707|Big Mek|20|Tankbustas
160|Brother Corbulo|2270|Desolation Squad
160|Brother Corbulo|1157|Intercessor Squad
3833|Death Company Captain with Jump Pack|3837|Death Company Marines with Boltguns and Jump Packs
157|Astorath|3837|Death Company Marines with Boltguns and Jump Packs
1579|Inquisitor Eisenhorn|3824|Proteus Kill Team
4184|Cato Sicarius|4185|Victrix Honour Guard
3707|Big Mek|3861|Breaka Boyz
4173|Inquisitor Ostromandeus|2685|Exaction Squad
1174|Chaplain|315|Wolf Guard
152|Captain Tycho|2772|Company Heroes
4187|Captain Titus|4185|Victrix Honour Guard
73|Captain|61|Assault Squad
2726|Vulkan He’stan|126|Infernus Squad
877|Inquisitor|3822|Deathwatch Terminator Squad
1174|Chaplain|1997|Death Company Marines
1536|Big Mek With Shokk Attack Gun|38|Mek Gunz
3848|Rogue Psyker|3849|Cultist Mob
2709|Kor’sarro Khan|1154|Vanguard Veteran Squad
2234|Primaris Company Champion|2780|Fortis Kill Team
1527|Techmarine on Bike|1166|Company Veterans On Bikes
4183|Marneus Calgar in Armour of Antilochus|70|Tactical Squad
3832|Death Company Captain|2285|Death Company Marines with Bolt Rifles
2530|Lieutenant In Phobos Armour|2779|Spectrus Kill Team
4045|Cultist Firebrand|4050|Cultist Mob
2775|Ancient|1157|Intercessor Squad
135|Captain In Terminator Armour|230|Deathwing Terminator Squad
218|Azrael|61|Assault Squad
1172|Captain In Gravis Armour|2099|Aggressor Squad
2793|Castellan|2798|Sword Brethren Squad
1346|Lieutenant|71|Bladeguard Veteran Squad
2773|Apothecary|1154|Vanguard Veteran Squad
2677|Ancient In Terminator Armour|118|Terminator Assault Squad
2793|Castellan|2255|Sternguard Veteran Squad
2794|High Marshal Helbrecht|2798|Sword Brethren Squad
2477|Technoarcheologist|4212|Hastarii Fusiliers
1|Warboss|3861|Breaka Boyz
73|Captain|3698|Inner Circle Companions
2266|Librarian|64|Assault Squad with Jump Packs
934|Chaos Lord On Palanquin Of Nurgle|2570|Legionaries
2709|Kor’sarro Khan|70|Tactical Squad
115|Chaplain In Terminator Armour|230|Deathwing Terminator Squad
1346|Lieutenant|315|Wolf Guard
2713|Pedro Kantor|71|Bladeguard Veteran Squad
218|Azrael|2098|Hellblaster Squad
2792|Chaplain Grimaldus|1157|Intercessor Squad
3812|Ministorum Priest|2587|Imperial Navy Breachers
121|Uriel Ventris|2255|Sternguard Veteran Squad
2775|Ancient|147|Vanguard Veteran Squad With Jump Packs
587|Warlock Skyrunners|591|Windriders
2468|Deathwing Strikemaster|2302|Deathwing Command Squad
2468|Deathwing Strikemaster|104|Relic Terminator Squad
152|Captain Tycho|1606|Assault Intercessor Squad
944|Warpsmith|2570|Legionaries
160|Brother Corbulo|61|Assault Squad
306|Iron Priest|4131|Wolf Guard Headtakers
2477|Technoarcheologist|848|Skitarii Rangers
2760|Inquisitor In Terminator Armour|2767|Inquisitorial Agents
317|Arjac Rockfist|318|Wolf Guard Terminators
115|Chaplain In Terminator Armour|1183|Terminator Squad
3947|Hell’s Last|3948|Cadian Shock Troops
374|Grand Master Voldus|384|Paladin Squad
1174|Chaplain|2783|Deathwatch Veterans
4188|Wardens of Ultramar|1154|Vanguard Veteran Squad
375|Grand Master|384|Paladin Squad
376|Brother-captain|382|Brotherhood Terminator Squad
2707|Judiciar|126|Infernus Squad
877|Inquisitor|2587|Imperial Navy Breachers
379|Brotherhood Champion|381|Strike Squad
379|Brotherhood Champion|388|Purgation Squad
380|Castellan Crowe|383|Purifier Squad
399|Brotherhood Techmarine|381|Strike Squad
399|Brotherhood Techmarine|383|Purifier Squad
1182|Ancient on Bike|116|Bike Squad
2296|Lazarus|1157|Intercessor Squad
2773|Apothecary|64|Assault Squad with Jump Packs
3943|Primaris Psyker|4001|Death Korps Grenadier Squad
4062|Dark Apostle|4052|Accursed Cultists
2518|Blade Champion|1563|Sagittarum Custodians
4062|Dark Apostle|4044|Chosen
2519|Valerian|1450|Custodian Wardens
4062|Dark Apostle|4064|Legionaries
2520|Knight-centura|2523|Witchseekers
2520|Knight-centura|2522|Vigilators
2520|Knight-centura|2521|Prosecutors
4069|Sorcerer On Disc Of Tzeentch|4044|Chosen
79|Librarian In Terminator Armour|2302|Deathwing Command Squad
1174|Chaplain|3698|Inner Circle Companions
2775|Ancient|70|Tactical Squad
12|Mek|38|Mek Gunz
1346|Lieutenant|64|Assault Squad with Jump Packs
83|Captain With Jump Pack|3874|Talonstrike Kill Team
3848|Rogue Psyker|3850|Cultist Mob with Firearms
840|Tech-priest Enginseer|1526|Secutarii Peltasts
4166|Caanok Var|1183|Terminator Squad
2478|Skitarii Marshal|4212|Hastarii Fusiliers
152|Captain Tycho|70|Tactical Squad
73|Captain|2255|Sternguard Veteran Squad
2090|Inquisitor Draxus|3816|Deathwatch Kill Team
2472|Palatine|894|Crusaders
4204|Ferren Areios|2098|Hellblaster Squad
4197|Kharseth|4171|Corsair Reaver Band
2759|Autarch Wayleaper|601|Warp Spiders
2759|Autarch Wayleaper|600|Swooping Hawks
2597|Brôkhyr Iron-master|2598|Hearthkyn Warriors
1448|Shield-captain In Allarus Terminator Armour|1558|Aquilon Custodians
3815|Watch Master|3824|Proteus Kill Team
1348|Librarian on Bike|241|Ravenwing Black Knights
876|Inquisitor Coteaz|2684|Subductor Squad
4204|Ferren Areios|2799|Crusader Squad
2709|Kor’sarro Khan|147|Vanguard Veteran Squad With Jump Packs
1580|Tech-priest Manipulus|4119|Servitor Battleclade
1611|Chief Librarian Tigurius|64|Assault Squad with Jump Packs
112|Chaplain With Jump Pack|315|Wolf Guard
2775|Ancient|2270|Desolation Squad
12|Mek|21|Nobz
2291|Sammael|1166|Company Veterans On Bikes
4204|Ferren Areios|2255|Sternguard Veteran Squad
2542|Yvraine|632|Corsair Reaver Band
4190|Masters of the Maelstrom|2570|Legionaries
15|Mad Dok Grotsnik|44|Lootas
2678|Chaplain Cassius|1154|Vanguard Veteran Squad
3812|Ministorum Priest|2683|Vigilant Squad
2760|Inquisitor In Terminator Armour|3816|Deathwatch Kill Team
4188|Wardens of Ultramar|2255|Sternguard Veteran Squad
1579|Inquisitor Eisenhorn|2685|Exaction Squad
839|Tech-priest Dominus|1526|Secutarii Peltasts
4197|Kharseth|4169|Corsair Voidscarred
1362|Brotherhood Chaplain|384|Paladin Squad
2762|Rogue Trader Entourage|2509|Voidsmen-at-arms
2762|Rogue Trader Entourage|2587|Imperial Navy Breachers
2763|Janus Draik|2509|Voidsmen-at-arms
2763|Janus Draik|2587|Imperial Navy Breachers
2764|Neyam Shai Murad|2509|Voidsmen-at-arms
2764|Neyam Shai Murad|2587|Imperial Navy Breachers
2765|Navigator|2509|Voidsmen-at-arms
2765|Navigator|2587|Imperial Navy Breachers
285|Ragnar Blackmane|4131|Wolf Guard Headtakers
4130|Wolf Guard Battle Leader|303|Blood Claws
292|Njal Stormcaller|4131|Wolf Guard Headtakers
3839|Tech-priest Dominus|3843|Skitarii Vanguard
4129|Wolf Priest|303|Blood Claws
2804|Wolf Guard Pack Leader|303|Blood Claws
839|Tech-priest Dominus|841|Kataphron Breachers
297|Ulrik The Slayer|4131|Wolf Guard Headtakers
1016|Sorcerer|1020|Rubric Marines
1017|Sorcerer In Terminator Armour|1035|Scarab Occult Terminators
1032|Ahriman|1474|Tzaangor Enlightened
1032|Ahriman|1020|Rubric Marines
1032|Ahriman|4122|Tzaangor Enlightened with Fatecaster Greatbows
1033|Exalted Sorcerer|1020|Rubric Marines
1053|Typhus|1056|Poxwalkers
1053|Typhus|1371|Deathshroud Terminators
1053|Typhus|1372|Blightlord Terminators
1054|Lord of Contagion|1371|Deathshroud Terminators
1054|Lord of Contagion|1372|Blightlord Terminators
1055|Malignant Plaguecaster|1056|Poxwalkers
1055|Malignant Plaguecaster|1044|Plague Marines
1058|Noxious Blightbringer|1044|Plague Marines
1058|Noxious Blightbringer|1056|Poxwalkers
1367|Foul Blightspawn|1044|Plague Marines
1368|Biologus Putrifier|1044|Plague Marines
1369|Plague Surgeon|1044|Plague Marines
1556|Haarken Worldclaimer|958|Raptors
1647|Contorted Epitome|1142|Daemonettes
2460|Lord of Virulence|1371|Deathshroud Terminators
2460|Lord of Virulence|1372|Blightlord Terminators
9|Kaptin Badrukk|45|Flash Gitz
2296|Lazarus|71|Bladeguard Veteran Squad
2234|Primaris Company Champion|1154|Vanguard Veteran Squad
13|Painboy|16|Boyz
1174|Chaplain|70|Tactical Squad
13|Painboy|21|Nobz
4228|Bigboss|16|Boyz
877|Inquisitor|2683|Vigilant Squad
4228|Bigboss|3861|Breaka Boyz
2266|Librarian|315|Wolf Guard
4183|Marneus Calgar in Armour of Antilochus|4185|Victrix Honour Guard
15|Mad Dok Grotsnik|21|Nobz
2795|Emperor’s Champion|1154|Vanguard Veteran Squad
3841|Skitarii Marshal|3842|Skitarii Rangers
63|Apothecary on Bike|241|Ravenwing Black Knights
1346|Lieutenant|70|Tactical Squad
2234|Primaris Company Champion|61|Assault Squad
2234|Primaris Company Champion|2783|Deathwatch Veterans
63|Apothecary on Bike|1166|Company Veterans On Bikes
119|Librarian In Phobos Armour|128|Infiltrator Squad
218|Azrael|1157|Intercessor Squad
2472|Palatine|908|Retributor Squad
169|Gabriel Seth|70|Tactical Squad
901|Hospitaller|2481|Celestian Sacresants
218|Azrael|1606|Assault Intercessor Squad
899|Canoness|4075|Sanctifiers
2707|Judiciar|315|Wolf Guard
3848|Rogue Psyker|3851|Accursed Cultists
2677|Ancient In Terminator Armour|2302|Deathwing Command Squad
1182|Ancient on Bike|241|Ravenwing Black Knights
877|Inquisitor|3826|Indomitor Kill Team
1174|Chaplain|2780|Fortis Kill Team
944|Warpsmith|3876|Nemesis Claw
219|Belial|118|Terminator Assault Squad
158|Sanguinary Priest|126|Infernus Squad
1104|Karanak|1112|Flesh Hounds
1106|Skulltaker|1114|Bloodletters
1162|Sergeant Telion|1160|Scout Squad
115|Chaplain In Terminator Armour|3873|Deathwatch Terminator Squad
1165|Bladeguard Ancient|71|Bladeguard Veteran Squad
121|Uriel Ventris|64|Assault Squad with Jump Packs
1174|Chaplain|2285|Death Company Marines with Bolt Rifles
2480|Aestred Thurga And Agathae Dolan|4075|Sanctifiers
874|Inquisitor Greyfax|4074|Sanctifiers
2701|Captain In Phobos Armour|128|Infiltrator Squad
876|Inquisitor Coteaz|4174|Aquila Kill Team
153|Tycho The Lost|3836|Death Company Marines with Boltguns
2296|Lazarus|1606|Assault Intercessor Squad
4070|Sorcerer On Palanquin Of Nurgle|4044|Chosen
877|Inquisitor|3825|Fortis Kill Team
1|Warboss|16|Boyz
1579|Inquisitor Eisenhorn|2684|Subductor Squad
2709|Kor’sarro Khan|2255|Sternguard Veteran Squad
219|Belial|2302|Deathwing Command Squad
2795|Emperor’s Champion|1606|Assault Intercessor Squad
2709|Kor’sarro Khan|64|Assault Squad with Jump Packs
2726|Vulkan He’stan|147|Vanguard Veteran Squad With Jump Packs
1579|Inquisitor Eisenhorn|3816|Deathwatch Kill Team
2105|Darnath Lysander|1183|Terminator Squad
4204|Ferren Areios|1157|Intercessor Squad
2472|Palatine|4075|Sanctifiers
2266|Librarian|326|Long Fangs
1174|Chaplain|2798|Sword Brethren Squad
2500|Infernal Master|1020|Rubric Marines
127|Iron Father Feirros|4231|Eradicator Squad with Heavy Bolters
2773|Apothecary|3698|Inner Circle Companions
225|Asmodai|1606|Assault Intercessor Squad
4193|Prince Yriel|2532|Corsair Voidscarred
3707|Big Mek|38|Mek Gunz
152|Captain Tycho|2098|Hellblaster Squad
1346|Lieutenant|324|Skyclaws
2678|Chaplain Cassius|2255|Sternguard Veteran Squad
2773|Apothecary|2783|Deathwatch Veterans
160|Brother Corbulo|2255|Sternguard Veteran Squad
1346|Lieutenant|147|Vanguard Veteran Squad With Jump Packs
160|Brother Corbulo|2098|Hellblaster Squad
2707|Judiciar|1154|Vanguard Veteran Squad
2707|Judiciar|3698|Inner Circle Companions
2105|Darnath Lysander|118|Terminator Assault Squad
2108|Plasmancer|534|Necron Warriors
2108|Plasmancer|535|Immortals
2109|Skorpekh Lord|2110|Skorpekh Destroyers
2760|Inquisitor In Terminator Armour|2683|Vigilant Squad
73|Captain|324|Skyclaws
2491|Painboss|2496|Squighog Boyz
925|Huron Blackheart|2570|Legionaries
3831|Blood Angels Captain|1157|Intercessor Squad
1172|Captain In Gravis Armour|1177|Heavy Intercessor Squad
2090|Inquisitor Draxus|3824|Proteus Kill Team
1446|Trajann Valoris|882|Custodian Guard
79|Librarian In Terminator Armour|230|Deathwing Terminator Squad
2090|Inquisitor Draxus|3822|Deathwatch Terminator Squad
2773|Apothecary|61|Assault Squad
2760|Inquisitor In Terminator Armour|3824|Proteus Kill Team
900|Imagifier|909|Dominion Squad
2589|Traitor Enforcer|2590|Traitor Guardsmen Squad
634|Archon|4156|Hand of the Archon
4155|Lady Malys|4156|Hand of the Archon
634|Archon|648|Incubi
639|Succubus|646|Wyches
640|Lelith Hesperax|646|Wyches
641|Haemonculus|650|Wracks
642|Urien Rakarth|650|Wracks
643|Drazhar|648|Incubi
2688|Neurotyrant|471|Tyrant Guard
2688|Neurotyrant|475|Zoanthropes
2688|Neurotyrant|2687|Neurogaunts
839|Tech-priest Dominus|842|Kataphron Destroyers
4202|Tyranid Prime with Lash Whip|468|Termagants
3831|Blood Angels Captain|1154|Vanguard Veteran Squad
73|Captain|2798|Sword Brethren Squad
4244|Ciaphas Cain|2612|Cadian Shock Troops
2488|Zodgrod Wortsnagga|17|Gretchin
2701|Captain In Phobos Armour|1668|Eliminator Squad
3943|Primaris Psyker|3950|Death Korps Of Krieg
2709|Kor’sarro Khan|2103|Command Squad
2748|Ravenwing Command Squad|2712|Outrider Squad
2605|Lord Solar Leontus|3898|Death Riders
2793|Castellan|2799|Crusader Squad
3941|Krieg Command Squad|3950|Death Korps Of Krieg
115|Chaplain In Terminator Armour|2302|Deathwing Command Squad
127|Iron Father Feirros|1177|Heavy Intercessor Squad
1346|Lieutenant|3698|Inner Circle Companions
2605|Lord Solar Leontus|2616|Attilan Rough Riders
716|Commissar|2612|Cadian Shock Troops
2773|Apothecary|324|Skyclaws
874|Inquisitor Greyfax|3824|Proteus Kill Team
889|Primaris Psyker|2746|Tempestus Scions
1346|Lieutenant|2772|Company Heroes
2622|Khârn The Betrayer|2627|Khorne Berzerkers
2623|Lord Invocatus|2627|Khorne Berzerkers
2623|Lord Invocatus|2631|Exalted Eightbound
2623|Lord Invocatus|2630|Eightbound
2625|Lord on Juggernaut|2627|Khorne Berzerkers
2625|Lord on Juggernaut|2631|Exalted Eightbound
2625|Lord on Juggernaut|2630|Eightbound
2626|Master of Executions|2627|Khorne Berzerkers
402|Commander In Coldstar Battlesuit|418|Crisis Battlesuits
3815|Watch Master|3825|Fortis Kill Team
899|Canoness|909|Dominion Squad
1172|Captain In Gravis Armour|4231|Eradicator Squad with Heavy Bolters
1346|Lieutenant|2783|Deathwatch Veterans
94|Chaplain On Bike|1166|Company Veterans On Bikes
2796|Marshal|61|Assault Squad
2100|Adrax Agatone|61|Assault Squad
4188|Wardens of Ultramar|61|Assault Squad
135|Captain In Terminator Armour|3873|Deathwatch Terminator Squad
79|Librarian In Terminator Armour|230|Deathwing Terminator Squad
135|Captain In Terminator Armour|231|Deathwing Knights
60|Apothecary Biologis|2099|Aggressor Squad
2708|Kayvaan Shrike|147|Vanguard Veteran Squad With Jump Packs
2708|Kayvaan Shrike|2776|Assault Intercessors With Jump Packs
1580|Tech-priest Manipulus|1525|Secutarii Hoplites
2090|Inquisitor Draxus|3827|Spectrus Kill Team
73|Captain|147|Vanguard Veteran Squad With Jump Packs
140|Techmarine|2780|Fortis Kill Team
2677|Ancient In Terminator Armour|230|Deathwing Terminator Squad
226|Ezekiel|2098|Hellblaster Squad
2773|Apothecary|2798|Sword Brethren Squad
2713|Pedro Kantor|2103|Command Squad
876|Inquisitor Coteaz|2767|Inquisitorial Agents
3812|Ministorum Priest|3818|Sisters of Battle Squad
2477|Technoarcheologist|849|Skitarii Vanguard
2100|Adrax Agatone|2103|Command Squad
942|Sorcerer On Palanquin Of Nurgle|4191|Red Corsairs Raiders
1527|Techmarine on Bike|116|Bike Squad
4204|Ferren Areios|4185|Victrix Honour Guard
2090|Inquisitor Draxus|2685|Exaction Squad
225|Asmodai|1157|Intercessor Squad
1527|Techmarine on Bike|241|Ravenwing Black Knights
2731|Renegade Enforcer|2590|Traitor Guardsmen Squad
2731|Renegade Enforcer|2732|Renegade Heavy Weapons Squad
3814|Watch Captain Artemis|3822|Deathwatch Terminator Squad
2738|Sanguinary Priest With Jump Pack|2776|Assault Intercessors With Jump Packs
1182|Ancient on Bike|1166|Company Veterans On Bikes
158|Sanguinary Priest|1606|Assault Intercessor Squad
79|Librarian In Terminator Armour|231|Deathwing Knights
2750|Icon Bearer|1044|Plague Marines
2755|Exalted Sorcerer on Disc of Tzeentch|1474|Tzaangor Enlightened
2755|Exalted Sorcerer on Disc of Tzeentch|1020|Rubric Marines
2755|Exalted Sorcerer on Disc of Tzeentch|4122|Tzaangor Enlightened with Fatecaster Greatbows
1466|Horticulous Slimux|1336|Plague Toads
2760|Inquisitor In Terminator Armour|2684|Subductor Squad
219|Belial|104|Relic Terminator Squad
2775|Ancient|3698|Inner Circle Companions
218|Azrael|3698|Inner Circle Companions
2100|Adrax Agatone|147|Vanguard Veteran Squad With Jump Packs
2482|Dogmata|4075|Sanctifiers
4187|Captain Titus|147|Vanguard Veteran Squad With Jump Packs
4198|Prince Yriel|4171|Corsair Reaver Band
4197|Kharseth|4168|Corsair Voidreavers
2792|Chaplain Grimaldus|61|Assault Squad
900|Imagifier|2481|Celestian Sacresants
2796|Marshal|1157|Intercessor Squad
2530|Lieutenant In Phobos Armour|1159|Incursor Squad
225|Asmodai|70|Tactical Squad
4183|Marneus Calgar in Armour of Antilochus|2772|Company Heroes
169|Gabriel Seth|61|Assault Squad
2775|Ancient|2255|Sternguard Veteran Squad
153|Tycho The Lost|2285|Death Company Marines with Bolt Rifles
2773|Apothecary|315|Wolf Guard
79|Librarian In Terminator Armour|104|Relic Terminator Squad
169|Gabriel Seth|2103|Command Squad
877|Inquisitor|4074|Sanctifiers
1584|Master Of Executions|3876|Nemesis Claw
152|Captain Tycho|2255|Sternguard Veteran Squad
1464|Fluxmaster|2584|Pink Horrors
1536|Big Mek With Shokk Attack Gun|20|Tankbustas
874|Inquisitor Greyfax|3822|Deathwatch Terminator Squad
1581|Master Of Possession|2570|Legionaries
901|Hospitaller|908|Retributor Squad
2291|Sammael|2712|Outrider Squad
2472|Palatine|2481|Celestian Sacresants
2472|Palatine|2507|Sisters Novitiate Squad
2472|Palatine|4189|Celestian Insidiants
2482|Dogmata|908|Retributor Squad
4188|Wardens of Ultramar|147|Vanguard Veteran Squad With Jump Packs
3839|Tech-priest Dominus|3842|Skitarii Rangers
2477|Technoarcheologist|841|Kataphron Breachers
2266|Librarian|1154|Vanguard Veteran Squad
1344|Librarian with Jump Pack|315|Wolf Guard
840|Tech-priest Enginseer|4212|Hastarii Fusiliers
2707|Judiciar|2798|Sword Brethren Squad
4036|Chaos Lord|4044|Chosen
2468|Deathwing Strikemaster|230|Deathwing Terminator Squad
3846|Traitor Enforcer|3853|Traitor Guardsmen Squad
3847|Renegade Enforcer|3853|Traitor Guardsmen Squad
3847|Renegade Enforcer|3857|Renegade Heavy Weapons Squad
2796|Marshal|2798|Sword Brethren Squad
3831|Blood Angels Captain|2772|Company Heroes
2694|Winged Tyranid Prime|484|Gargoyles
135|Captain In Terminator Armour|2302|Deathwing Command Squad
3941|Krieg Command Squad|3977|Krieg Combat Engineers
3890|Lord Marshal Dreir|3898|Death Riders
3909|Lhykhis|601|Warp Spiders
3914|Ynnari Archon|3916|Ynnari Kabalite Warriors
3914|Ynnari Archon|3918|Ynnari Incubi
3915|Ynnari Succubus|3917|Ynnari Wyches
73|Captain|1157|Intercessor Squad
2534|Troupe Master|2536|Troupe
4159|Shadowseer|4164|Troupe
3937|Provisionally Prepared|724|Ratlings
2775|Ancient|64|Assault Squad with Jump Packs
3938|Cadian Castellan|3948|Cadian Shock Troops
4100|Tormentbringer|4101|
3946|Quartermaster Cadre Squad|3950|Death Korps Of Krieg
716|Commissar|2614|Catachan Jungle Fighters
3943|Primaris Psyker|3948|Cadian Shock Troops
889|Primaris Psyker|2615|Kasrkin
1396|Tech-Priest Enginseer|2614|Catachan Jungle Fighters
2775|Ancient|324|Skyclaws
169|Gabriel Seth|147|Vanguard Veteran Squad With Jump Packs
2375|Quartermaster Cadre Squad|2374|Death Korps Grenadier Squad
1396|Tech-Priest Enginseer|3893|Krieg Combat Engineers
219|Belial|230|Deathwing Terminator Squad
582|Farseer|589|Guardian Defenders
4036|Chaos Lord|4064|Legionaries
4037|Chaos Lord In Terminator Armour|4043|Chaos Terminator Squad
4038|Chaos Lord with Jump Pack|4067|Raptors
4039|Chaos Lord On Disc Of Tzeentch|4064|Legionaries
1346|Lieutenant|3698|Inner Circle Companions
4041|Chaos Lord On Palanquin Of Nurgle|4064|Legionaries
933|Chaos Lord On Disc Of Tzeentch|2570|Legionaries
4046|Dark Commune|4057|Negavolt Cultists
3844|Cultist Firebrand|3850|Cultist Mob with Firearms
3844|Cultist Firebrand|3851|Accursed Cultists
4047|Traitor Enforcer|4054|Traitor Guardsmen Squad
4048|Renegade Enforcer|4054|Traitor Guardsmen Squad
4048|Renegade Enforcer|4058|Renegade Heavy Weapons Squad
3712|Cultist Firebrand|3713|Cultist Mob with Firearms
3844|Cultist Firebrand|3849|Cultist Mob
4062|Dark Apostle|4057|Negavolt Cultists
4062|Dark Apostle|4050|Cultist Mob
936|Dark Apostle|3876|Nemesis Claw
1600|Rogue Psyker|3713|Cultist Mob with Firearms
4192|Red Corsairs Reave-Captain|3876|Nemesis Claw
1600|Rogue Psyker|946|Cultist Mob
2530|Lieutenant In Phobos Armour|2718|Reiver Squad
928|Fabius Bile|952|Chosen
2773|Apothecary|126|Infernus Squad
119|Librarian In Phobos Armour|1159|Incursor Squad
944|Warpsmith|952|Chosen
2701|Captain In Phobos Armour|2779|Spectrus Kill Team
942|Sorcerer On Palanquin Of Nurgle|952|Chosen
4187|Captain Titus|1157|Intercessor Squad
4078|Lord Exultant|4079|Tormentors
4078|Lord Exultant|4080|Infractors
4083|Lucius the Eternal|4089|Flawless Blades
4084|Lord Kakophonist|4081|Chaos Terminators
4084|Lord Kakophonist|4088|Noise Marines
4085|Sorcerer|4079|Tormentors
4085|Sorcerer|4080|Infractors
4085|Sorcerer|4088|Noise Marines
2773|Apothecary|1157|Intercessor Squad
4100|Tormentbringer|1144|Hellflayers
4065|Master Of Possession|4064|Legionaries
4103|Slaughterbound|2631|Exalted Eightbound
4103|Slaughterbound|2630|Eightbound
4109|Lord of Poxes|1044|Plague Marines
4117|Hyperadapted Raveners|482|Raveners
4118|Hyperadapted Raveners|3886|Raveners
4129|Wolf Priest|4131|Wolf Guard Headtakers
4130|Wolf Guard Battle Leader|305|Grey Hunters
2803|Wolf Guard Pack Leader In Terminator Armour|303|Blood Claws
4130|Wolf Guard Battle Leader|4131|Wolf Guard Headtakers
4129|Wolf Priest|305|Grey Hunters
297|Ulrik The Slayer|303|Blood Claws
929|Chaos Lord|3876|Nemesis Claw
119|Librarian In Phobos Armour|2806|Hounds Of Morkai
941|Sorcerer On Disc Of Tzeentch|952|Chosen
1129|Epidemius|1132|Plaguebearers
1138|Tranceweaver|1142|Daemonettes
1139|Herald Of Slaanesh On Steed Of Slaanesh|1145|Seekers
716|Commissar|2613|Death Korps Of Krieg
716|Commissar|2746|Tempestus Scions
4049|Rogue Psyker|4052|Accursed Cultists
1394|Ministorum Priest|2746|Tempestus Scions
1394|Ministorum Priest|3893|Krieg Combat Engineers
1394|Ministorum Priest|2615|Kasrkin
4218|Commissar Graves on Foot|2614|Catachan Jungle Fighters
4232|Wolf Guard Battle Leader In Terminator Armour|118|Terminator Assault Squad
4218|Commissar Graves on Foot|2612|Cadian Shock Troops
889|Primaris Psyker|2614|Catachan Jungle Fighters
889|Primaris Psyker|2613|Death Korps Of Krieg
1400|Bonesinger|613|Wraithlord
1400|Bonesinger|597|Wraithguard
1400|Bonesinger|598|Wraithblades
3831|Blood Angels Captain|126|Infernus Squad
225|Asmodai|3698|Inner Circle Companions
160|Brother Corbulo|70|Tactical Squad
3871|Watch Master|2780|Fortis Kill Team
4234|Company Champion on Bike|241|Ravenwing Black Knights
148|Imperial Space Marine|326|Long Fangs
2090|Inquisitor Draxus|2683|Vigilant Squad
1174|Chaplain|3836|Death Company Marines with Boltguns
226|Ezekiel|1606|Assault Intercessor Squad
2792|Chaplain Grimaldus|2798|Sword Brethren Squad
169|Gabriel Seth|2772|Company Heroes
2296|Lazarus|2255|Sternguard Veteran Squad
151|Commander Dante|165|Sanguinary Guard
2702|Captain on Bike|116|Bike Squad
169|Gabriel Seth|64|Assault Squad with Jump Packs
135|Captain In Terminator Armour|230|Deathwing Terminator Squad
3704|Kroot Flesh Shaper|2588|Kroot Farstalkers
79|Librarian In Terminator Armour|118|Terminator Assault Squad
140|Techmarine|2270|Desolation Squad
2477|Technoarcheologist|842|Kataphron Destroyers
3841|Skitarii Marshal|3843|Skitarii Vanguard
580|Autarch Skyrunner|629|Corsair Cloud Dancer Band
164|Lemartes|2737|Death Company Marines With Jump Packs
1344|Librarian with Jump Pack|147|Vanguard Veteran Squad With Jump Packs
83|Captain With Jump Pack|147|Vanguard Veteran Squad With Jump Packs
83|Captain With Jump Pack|2776|Assault Intercessors With Jump Packs
2482|Dogmata|2481|Celestian Sacresants
112|Chaplain With Jump Pack|2737|Death Company Marines With Jump Packs
3833|Death Company Captain with Jump Pack|2737|Death Company Marines With Jump Packs
112|Chaplain With Jump Pack|147|Vanguard Veteran Squad With Jump Packs
112|Chaplain With Jump Pack|2776|Assault Intercessors With Jump Packs
60|Apothecary Biologis|4231|Eradicator Squad with Heavy Bolters
1174|Chaplain|3698|Inner Circle Companions
112|Chaplain With Jump Pack|3874|Talonstrike Kill Team
115|Chaplain In Terminator Armour|230|Deathwing Terminator Squad
115|Chaplain In Terminator Armour|118|Terminator Assault Squad
2773|Apothecary|2255|Sternguard Veteran Squad
2605|Lord Solar Leontus|2374|Death Korps Grenadier Squad
94|Chaplain On Bike|241|Ravenwing Black Knights
928|Fabius Bile|2570|Legionaries
2266|Librarian|2255|Sternguard Veteran Squad
135|Captain In Terminator Armour|118|Terminator Assault Squad
3945|Death Rider Commissar|3969|Death Riders
1346|Lieutenant|2798|Sword Brethren Squad
2773|Apothecary|70|Tactical Squad
2773|Apothecary|2780|Fortis Kill Team
2792|Chaplain Grimaldus|1154|Vanguard Veteran Squad
6|Big Mek In Mega Armour|38|Mek Gunz
874|Inquisitor Greyfax|2683|Vigilant Squad
4204|Ferren Areios|61|Assault Squad
2713|Pedro Kantor|2255|Sternguard Veteran Squad
2378|Death Rider Commissar|3898|Death Riders
2266|Librarian|1157|Intercessor Squad
3814|Watch Captain Artemis|4174|Aquila Kill Team
3814|Watch Captain Artemis|3816|Deathwatch Kill Team
4046|Dark Commune|4051|Cultist Mob with Firearms
2593|Ûthar the Destined|2598|Hearthkyn Warriors
2593|Ûthar the Destined|2599|Einhyr Hearthguard
2594|Kâhl|2598|Hearthkyn Warriors
2594|Kâhl|2599|Einhyr Hearthguard
2595|Einhyr Champion|2599|Einhyr Hearthguard
2596|Grimnyr|2598|Hearthkyn Warriors
225|Asmodai|61|Assault Squad
2597|Brôkhyr Iron-master|2603|Brôkhyr Thunderkyn
152|Captain Tycho|64|Assault Squad with Jump Packs
2530|Lieutenant In Phobos Armour|128|Infiltrator Squad
404|Ethereal|411|Strike Team
404|Ethereal|412|Breacher Team
405|Cadre Fireblade|411|Strike Team
405|Cadre Fireblade|412|Breacher Team
1174|Chaplain|4175|Decimus Kill Team
3707|Big Mek|21|Nobz
408|Aun’shi|411|Strike Team
408|Aun’shi|413|Kroot Carnivores
408|Aun’shi|412|Breacher Team
410|Darkstrider|422|Pathfinder Team
1|Warboss|21|Nobz
2266|Librarian|2780|Fortis Kill Team
15|Mad Dok Grotsnik|16|Boyz
876|Inquisitor Coteaz|2683|Vigilant Squad
840|Tech-priest Enginseer|841|Kataphron Breachers
4204|Ferren Areios|1606|Assault Intercessor Squad
2266|Librarian|147|Vanguard Veteran Squad With Jump Packs
2266|Librarian|2270|Desolation Squad
1396|Tech-Priest Enginseer|2612|Cadian Shock Troops
135|Captain In Terminator Armour|1183|Terminator Squad
157|Astorath|2737|Death Company Marines With Jump Packs
1174|Chaplain|64|Assault Squad with Jump Packs
2748|Ravenwing Command Squad|116|Bike Squad
1355|Exalted Champion|3876|Nemesis Claw
4234|Company Champion on Bike|1166|Company Veterans On Bikes
4204|Ferren Areios|4175|Decimus Kill Team
2773|Apothecary|1606|Assault Intercessor Squad
2266|Librarian|2783|Deathwatch Veterans
115|Chaplain In Terminator Armour|4138|Terminator Squad
121|Uriel Ventris|70|Tactical Squad
2296|Lazarus|70|Tactical Squad
1394|Ministorum Priest|2613|Death Korps Of Krieg
2234|Primaris Company Champion|4137|Sternguard Veteran Squad
2296|Lazarus|126|Infernus Squad
2678|Chaplain Cassius|70|Tactical Squad
2707|Judiciar|70|Tactical Squad
2760|Inquisitor In Terminator Armour|3827|Spectrus Kill Team
2|Warboss In Mega Armour|24|Meganobz
2468|Deathwing Strikemaster|231|Deathwing Knights
4192|Red Corsairs Reave-Captain|4191|Red Corsairs Raiders
1611|Chief Librarian Tigurius|1154|Vanguard Veteran Squad
2090|Inquisitor Draxus|4174|Aquila Kill Team
2760|Inquisitor In Terminator Armour|3822|Deathwatch Terminator Squad
12|Mek|16|Boyz
1174|Chaplain|1157|Intercessor Squad
4187|Captain Titus|126|Infernus Squad
4049|Rogue Psyker|4057|Negavolt Cultists
583|Farseer Skyrunner|591|Windriders
2760|Inquisitor In Terminator Armour|2587|Imperial Navy Breachers
94|Chaplain On Bike|2712|Outrider Squad
2748|Ravenwing Command Squad|1166|Company Veterans On Bikes
219|Belial|1183|Terminator Squad
63|Apothecary on Bike|1166|Company Veterans On Bikes
148|Imperial Space Marine|2103|Command Squad
2760|Inquisitor In Terminator Armour|3825|Fortis Kill Team
839|Tech-priest Dominus|4119|Servitor Battleclade
839|Tech-priest Dominus|1525|Secutarii Hoplites
840|Tech-priest Enginseer|842|Kataphron Destroyers
226|Ezekiel|61|Assault Squad
874|Inquisitor Greyfax|4174|Aquila Kill Team
225|Asmodai|2098|Hellblaster Squad
4049|Rogue Psyker|4051|Cultist Mob with Firearms
226|Ezekiel|1154|Vanguard Veteran Squad
1346|Lieutenant|61|Assault Squad
2701|Captain In Phobos Armour|1160|Scout Squad
2726|Vulkan He’stan|2103|Command Squad
2519|Valerian|882|Custodian Guard
60|Apothecary Biologis|2781|Indomitor Kill Team
4046|Dark Commune|4052|Accursed Cultists
4244|Ciaphas Cain|2614|Catachan Jungle Fighters
4183|Marneus Calgar in Armour of Antilochus|4231|Eradicator Squad with Heavy Bolters
4218|Commissar Graves on Foot|2613|Death Korps Of Krieg
1396|Tech-Priest Enginseer|2615|Kasrkin
4216|Commissar Yarrick|2612|Cadian Shock Troops
2607|Cadian Castellan|2612|Cadian Shock Troops
889|Primaris Psyker|3893|Krieg Combat Engineers
4216|Commissar Yarrick|2614|Catachan Jungle Fighters
898|Saint Celestine|2066|Zephyrim Squad
898|Saint Celestine|904|Seraphim Squad
2480|Aestred Thurga And Agathae Dolan|2481|Celestian Sacresants
2480|Aestred Thurga And Agathae Dolan|4189|Celestian Insidiants
902|Dialogus|908|Retributor Squad
2472|Palatine|909|Dominion Squad
1446|Trajann Valoris|1559|Custodian Guard With Adrasite And Pyrithite Spears
899|Canoness|903|Battle Sisters Squad
901|Hospitaller|894|Crusaders
899|Canoness|2481|Celestian Sacresants
900|Imagifier|903|Battle Sisters Squad
902|Dialogus|894|Crusaders
2482|Dogmata|909|Dominion Squad
2519|Valerian|1559|Custodian Guard With Adrasite And Pyrithite Spears
2482|Dogmata|894|Crusaders
2064|Junith Eruita|894|Crusaders
2480|Aestred Thurga And Agathae Dolan|903|Battle Sisters Squad
2064|Junith Eruita|908|Retributor Squad
901|Hospitaller|903|Battle Sisters Squad
900|Imagifier|4075|Sanctifiers
901|Hospitaller|4075|Sanctifiers
2480|Aestred Thurga And Agathae Dolan|908|Retributor Squad
2064|Junith Eruita|909|Dominion Squad
1553|Ministorum Priest|2507|Sisters Novitiate Squad
902|Dialogus|903|Battle Sisters Squad
939|Sorcerer In Terminator Armour|947|Chaos Terminator Squad
938|Sorcerer|952|Chosen
930|Chaos Lord In Terminator Armour|947|Chaos Terminator Squad
929|Chaos Lord|2570|Legionaries
2569|Dark Commune|2571|Accursed Cultists
2569|Dark Commune|1601|Negavolt Cultists
4065|Master Of Possession|4066|Possessed
4065|Master Of Possession|4044|Chosen
934|Chaos Lord On Palanquin Of Nurgle|952|Chosen
925|Huron Blackheart|947|Chaos Terminator Squad
943|Sorcerer On Steed Of Slaanesh|957|Chaos Bikers
148|Imperial Space Marine|70|Tactical Squad
940|Sorcerer On Bike|957|Chaos Bikers
1355|Exalted Champion|2570|Legionaries
4234|Company Champion on Bike|1166|Company Veterans On Bikes
933|Chaos Lord On Disc Of Tzeentch|952|Chosen
929|Chaos Lord|952|Chosen
4062|Dark Apostle|4051|Cultist Mob with Firearms
936|Dark Apostle|952|Chosen
1600|Rogue Psyker|1601|Negavolt Cultists
928|Fabius Bile|1601|Negavolt Cultists
935|Chaos Lord On Steed Of Slaanesh|957|Chaos Bikers
925|Huron Blackheart|952|Chosen
4046|Dark Commune|4050|Cultist Mob
2569|Dark Commune|3713|Cultist Mob with Firearms
153|Tycho The Lost|1997|Death Company Marines
2726|Vulkan He’stan|64|Assault Squad with Jump Packs
2702|Captain on Bike|1166|Company Veterans On Bikes
924|Abaddon The Despoiler|952|Chosen
924|Abaddon The Despoiler|947|Chaos Terminator Squad
932|Chaos Lord On Juggernaut|957|Chaos Bikers
1462|Changecaster|2583|Blue Horrors
928|Fabius Bile|3713|Cultist Mob with Firearms
73|Captain|4137|Sternguard Veteran Squad
1355|Exalted Champion|952|Chosen
936|Dark Apostle|2571|Accursed Cultists
151|Commander Dante|64|Assault Squad with Jump Packs
4045|Cultist Firebrand|4052|Accursed Cultists
4192|Red Corsairs Reave-Captain|952|Chosen
931|Chaos Lord On Bike|957|Chaos Bikers
3845|Dark Commune|3849|Cultist Mob
1355|Exalted Champion|4191|Red Corsairs Raiders
4190|Masters of the Maelstrom|952|Chosen
1546|Abominant|514|Aberrants
1361|Brotherhood Librarian|384|Paladin Squad
1361|Brotherhood Librarian|382|Brotherhood Terminator Squad
1362|Brotherhood Chaplain|382|Brotherhood Terminator Squad
377|Brother-captain Stern|384|Paladin Squad
226|Ezekiel|2255|Sternguard Veteran Squad
6|Big Mek In Mega Armour|24|Meganobz
148|Imperial Space Marine|64|Assault Squad with Jump Packs
1346|Lieutenant|126|Infernus Squad
73|Captain|70|Tactical Squad
2793|Castellan|61|Assault Squad
3814|Watch Captain Artemis|3824|Proteus Kill Team
218|Azrael|70|Tactical Squad
4216|Commissar Yarrick|2613|Death Korps Of Krieg
2100|Adrax Agatone|70|Tactical Squad
2804|Wolf Guard Pack Leader|305|Grey Hunters
4173|Inquisitor Ostromandeus|2683|Vigilant Squad
3814|Watch Captain Artemis|3826|Indomitor Kill Team
1600|Rogue Psyker|2571|Accursed Cultists
1580|Tech-priest Manipulus|844|Corpuscarii Electro-priests
4187|Captain Titus|1154|Vanguard Veteran Squad
2796|Marshal|126|Infernus Squad
2775|Ancient|2798|Sword Brethren Squad
83|Captain With Jump Pack|64|Assault Squad with Jump Packs
1611|Chief Librarian Tigurius|70|Tactical Squad
3693|Overlord with translocation shroud|534|Necron Warriors
3693|Overlord with translocation shroud|535|Immortals
3693|Overlord with translocation shroud|536|Lychguard
4204|Ferren Areios|4137|Sternguard Veteran Squad
3702|Kroot Trail Shaper|413|Kroot Carnivores
121|Uriel Ventris|2103|Command Squad
3703|Kroot War Shaper|413|Kroot Carnivores
877|Inquisitor|2684|Subductor Squad
3704|Kroot Flesh Shaper|413|Kroot Carnivores
11|Boss Snikrot|25|Kommandos
2775|Ancient|2799|Crusader Squad
4|Weirdboy|2494|Beast Snagga Boyz
3711|Chaos Lord with Jump Pack|958|Raptors
928|Fabius Bile|4191|Red Corsairs Raiders
3714|Canoness with Jump Pack|2066|Zephyrim Squad
3714|Canoness with Jump Pack|904|Seraphim Squad
3812|Ministorum Priest|2767|Inquisitorial Agents
2090|Inquisitor Draxus|3825|Fortis Kill Team
1174|Chaplain|4137|Sternguard Veteran Squad
3812|Ministorum Priest|2684|Subductor Squad
2796|Marshal|4137|Sternguard Veteran Squad
876|Inquisitor Coteaz|3825|Fortis Kill Team
2773|Apothecary|326|Long Fangs
119|Librarian In Phobos Armour|2779|Spectrus Kill Team
73|Captain|2783|Deathwatch Veterans
2795|Emperor’s Champion|2799|Crusader Squad
876|Inquisitor Coteaz|3816|Deathwatch Kill Team
2760|Inquisitor In Terminator Armour|3826|Indomitor Kill Team
1174|Chaplain|324|Skyclaws
2090|Inquisitor Draxus|2587|Imperial Navy Breachers
3829|Jokaero Weaponsmith|2767|Inquisitorial Agents
219|Belial|231|Deathwing Knights
226|Ezekiel|3698|Inner Circle Companions
4193|Prince Yriel|632|Corsair Reaver Band
2518|Blade Champion|1559|Custodian Guard With Adrasite And Pyrithite Spears
2793|Castellan|4137|Sternguard Veteran Squad
3703|Kroot War Shaper|2588|Kroot Farstalkers
2266|Librarian|3698|Inner Circle Companions
2726|Vulkan He’stan|1606|Assault Intercessor Squad
3844|Cultist Firebrand|3856|Negavolt Cultists
1174|Chaplain|61|Assault Squad
83|Captain With Jump Pack|324|Skyclaws
1446|Trajann Valoris|1450|Custodian Wardens
1447|Shield-captain|1563|Sagittarum Custodians
1447|Shield-captain|1450|Custodian Wardens
1446|Trajann Valoris|1563|Sagittarum Custodians
1448|Shield-captain In Allarus Terminator Armour|1453|Allarus Custodians
1449|Shield-captain On Dawneagle Jetbike|1454|Vertus Praetors
1455|Bloodmaster|1114|Bloodletters
1456|Skullmaster|1115|Bloodcrushers
874|Inquisitor Greyfax|2685|Exaction Squad
1462|Changecaster|2584|Pink Horrors
1463|Fateskimmer|1127|Screamers
874|Inquisitor Greyfax|2587|Imperial Navy Breachers
1464|Fluxmaster|2583|Blue Horrors
1466|Horticulous Slimux|1134|Beasts Of Nurgle
1467|Poxbringer|1132|Plaguebearers
1468|Sloppity Bilepiper|1132|Plaguebearers
1469|Spoilpox Scrivener|1132|Plaguebearers
1472|Tzaangor Shaman|4122|Tzaangor Enlightened with Fatecaster Greatbows
1472|Tzaangor Shaman|1034|Tzaangors
1472|Tzaangor Shaman|1474|Tzaangor Enlightened
2477|Technoarcheologist|1526|Secutarii Peltasts
2792|Chaplain Grimaldus|1606|Assault Intercessor Squad
1477|Commander In Crisis Battlesuit|3700|Crisis Fireknife Battlesuits
1477|Commander In Crisis Battlesuit|418|Crisis Battlesuits
876|Inquisitor Coteaz|3822|Deathwatch Terminator Squad
1579|Inquisitor Eisenhorn|4074|Sanctifiers
2234|Primaris Company Champion|64|Assault Squad with Jump Packs
3|Warboss on Warbike|33|Warbikers
4234|Company Champion on Bike|2712|Outrider Squad
2773|Apothecary|2202|Devastator Squad
286|Krom Dragongaze|305|Grey Hunters
877|Inquisitor|3824|Proteus Kill Team
152|Captain Tycho|61|Assault Squad
73|Captain|64|Assault Squad with Jump Packs
2489|Beastboss|2494|Beast Snagga Boyz
2090|Inquisitor Draxus|3826|Indomitor Kill Team
1174|Chaplain|1154|Vanguard Veteran Squad
1537|Deffkilla Wartrike|33|Warbikers
2738|Sanguinary Priest With Jump Pack|64|Assault Squad with Jump Packs
874|Inquisitor Greyfax|3816|Deathwatch Kill Team
2266|Librarian|70|Tactical Squad
2760|Inquisitor In Terminator Armour|3818|Sisters of Battle Squad
2491|Painboss|2494|Beast Snagga Boyz
1581|Master Of Possession|3876|Nemesis Claw
2677|Ancient In Terminator Armour|231|Deathwing Knights
499|Malanthrope|476|Venomthropes
1579|Inquisitor Eisenhorn|3827|Spectrus Kill Team
1527|Techmarine on Bike|2712|Outrider Squad
282|Logan Grimnar|318|Wolf Guard Terminators
714|Sergeant Harker|2614|Catachan Jungle Fighters
713|‘Iron Hand’ Straken|2614|Catachan Jungle Fighters
3922|Hell’s Last|2612|Cadian Shock Troops
3889|Krieg Command Squad|3893|Krieg Combat Engineers
889|Primaris Psyker|2612|Cadian Shock Troops
1394|Ministorum Priest|2614|Catachan Jungle Fighters
716|Commissar|3893|Krieg Combat Engineers
716|Commissar|2615|Kasrkin
719|Militarum Tempestus Command Squad|2746|Tempestus Scions
2775|Ancient|2098|Hellblaster Squad
899|Canoness|4189|Celestian Insidiants
1579|Inquisitor Eisenhorn|2683|Vigilant Squad
226|Ezekiel|71|Bladeguard Veteran Squad
119|Librarian In Phobos Armour|1668|Eliminator Squad
2707|Judiciar|4175|Decimus Kill Team
73|Captain|1154|Vanguard Veteran Squad
2518|Blade Champion|882|Custodian Guard
121|Uriel Ventris|2772|Company Heroes
876|Inquisitor Coteaz|3824|Proteus Kill Team
2063|Triumph Of Saint Katherine|903|Battle Sisters Squad
12|Mek|20|Tankbustas
1449|Shield-captain On Dawneagle Jetbike|1560|Agamatus Custodians
840|Tech-priest Enginseer|4211|Hastarii Exterminators
160|Brother Corbulo|1154|Vanguard Veteran Squad
901|Hospitaller|4189|Celestian Insidiants
127|Iron Father Feirros|103|Eradicator Squad
127|Iron Father Feirros|2099|Aggressor Squad
60|Apothecary Biologis|103|Eradicator Squad
929|Chaos Lord|4191|Red Corsairs Raiders
1172|Captain In Gravis Armour|2781|Indomitor Kill Team
60|Apothecary Biologis|1177|Heavy Intercessor Squad
399|Brotherhood Techmarine|388|Purgation Squad
406|Commander Farsight|3700|Crisis Fireknife Battlesuits
4192|Red Corsairs Reave-Captain|2570|Legionaries
83|Captain With Jump Pack|315|Wolf Guard
2760|Inquisitor In Terminator Armour|4174|Aquila Kill Team
160|Brother Corbulo|126|Infernus Squad
2468|Deathwing Strikemaster|1183|Terminator Squad
4141|Memnyr Strategist|4144|Ironkin Steeljacks with Melee Weapons
4141|Memnyr Strategist|4143|Ironkin Steeljacks with Heavy Volkanite Disintegrators
1182|Ancient on Bike|1166|Company Veterans On Bikes
1580|Tech-priest Manipulus|848|Skitarii Rangers
3946|Quartermaster Cadre Squad|3977|Krieg Combat Engineers
4183|Marneus Calgar in Armour of Antilochus|64|Assault Squad with Jump Packs
2100|Adrax Agatone|126|Infernus Squad
2738|Sanguinary Priest With Jump Pack|147|Vanguard Veteran Squad With Jump Packs
148|Imperial Space Marine|2202|Devastator Squad
839|Tech-priest Dominus|4212|Hastarii Fusiliers
1346|Lieutenant|2799|Crusader Squad
2375|Quartermaster Cadre Squad|3893|Krieg Combat Engineers
2064|Junith Eruita|2481|Celestian Sacresants
2796|Marshal|2255|Sternguard Veteran Squad
1553|Ministorum Priest|903|Battle Sisters Squad
875|Inquisitor Karamazov|4074|Sanctifiers
2678|Chaplain Cassius|61|Assault Squad
4204|Ferren Areios|147|Vanguard Veteran Squad With Jump Packs
169|Gabriel Seth|71|Bladeguard Veteran Squad
3832|Death Company Captain|3836|Death Company Marines with Boltguns
2530|Lieutenant In Phobos Armour|2806|Hounds Of Morkai
839|Tech-priest Dominus|4211|Hastarii Exterminators
1174|Chaplain|71|Bladeguard Veteran Squad
2709|Kor’sarro Khan|61|Assault Squad
135|Captain In Terminator Armour|4138|Terminator Squad
63|Apothecary on Bike|116|Bike Squad
2100|Adrax Agatone|1154|Vanguard Veteran Squad
1396|Tech-Priest Enginseer|2613|Death Korps Of Krieg
2677|Ancient In Terminator Armour|4138|Terminator Squad
4237|Stonesinger|4235|Dragon Knights
4183|Marneus Calgar in Armour of Antilochus|104|Relic Terminator Squad
2266|Librarian|2798|Sword Brethren Squad
2726|Vulkan He’stan|70|Tactical Squad
158|Sanguinary Priest|1154|Vanguard Veteran Squad
2677|Ancient In Terminator Armour|1183|Terminator Squad
2064|Junith Eruita|2507|Sisters Novitiate Squad
94|Chaplain On Bike|116|Bike Squad
1580|Tech-priest Manipulus|843|Fulgurite Electro-priests
1394|Ministorum Priest|2374|Death Korps Grenadier Squad
4204|Ferren Areios|70|Tactical Squad
2795|Emperor’s Champion|2798|Sword Brethren Squad
1174|Chaplain|2799|Crusader Squad
2773|Apothecary|4175|Decimus Kill Team
3814|Watch Captain Artemis|3827|Spectrus Kill Team
4183|Marneus Calgar in Armour of Antilochus|103|Eradicator Squad
936|Dark Apostle|4191|Red Corsairs Raiders
1611|Chief Librarian Tigurius|61|Assault Squad
1174|Chaplain|2255|Sternguard Veteran Squad
1346|Lieutenant|2098|Hellblaster Squad
874|Inquisitor Greyfax|2684|Subductor Squad
4194|Kharseth|632|Corsair Reaver Band
288|Canis Wolfborn|323|Fenrisian Wolves
288|Canis Wolfborn|322|Thunderwolf Cavalry
2805|Cyberwolf|323|Fenrisian Wolves
287|Harald Deathwolf|322|Thunderwolf Cavalry
2803|Wolf Guard Pack Leader In Terminator Armour|305|Grey Hunters
1394|Ministorum Priest|2612|Cadian Shock Troops
283|Logan Grimnar On Stormrider|322|Thunderwolf Cavalry
292|Njal Stormcaller|303|Blood Claws
169|Gabriel Seth|1154|Vanguard Veteran Squad
1182|Ancient on Bike|2712|Outrider Squad
4232|Wolf Guard Battle Leader In Terminator Armour|318|Wolf Guard Terminators
4232|Wolf Guard Battle Leader In Terminator Armour|1183|Terminator Squad
933|Chaos Lord On Disc Of Tzeentch|4191|Red Corsairs Raiders
1611|Chief Librarian Tigurius|147|Vanguard Veteran Squad With Jump Packs
2234|Primaris Company Champion|324|Skyclaws
4233|Wolf Guard Battle Leader On Thunderwolf|322|Thunderwolf Cavalry
297|Ulrik The Slayer|305|Grey Hunters
3872|Watch Captain Artemis|2780|Fortis Kill Team
285|Ragnar Blackmane|303|Blood Claws
292|Njal Stormcaller|305|Grey Hunters
3831|Blood Angels Captain|61|Assault Squad
284|Wolf Lord on Thunderwolf|322|Thunderwolf Cavalry
942|Sorcerer On Palanquin Of Nurgle|3876|Nemesis Claw
3812|Ministorum Priest|2685|Exaction Squad
4070|Sorcerer On Palanquin Of Nurgle|4064|Legionaries
1162|Sergeant Telion|1523|Scout Sniper Squad
2709|Kor’sarro Khan|1157|Intercessor Squad
2713|Pedro Kantor|70|Tactical Squad
4173|Inquisitor Ostromandeus|2684|Subductor Squad
376|Brother-captain|384|Paladin Squad
377|Brother-captain Stern|382|Brotherhood Terminator Squad
373|Kaldor Draigo|384|Paladin Squad
375|Grand Master|382|Brotherhood Terminator Squad
1037|Death Guard Chaos Lord|1044|Plague Marines
1038|Death Guard Chaos Lord In Terminator Armour|1372|Blightlord Terminators
1038|Death Guard Chaos Lord In Terminator Armour|1371|Deathshroud Terminators
1041|Death Guard Sorcerer In Terminator Armour|1372|Blightlord Terminators
1041|Death Guard Sorcerer In Terminator Armour|1371|Deathshroud Terminators
2773|Apothecary|4137|Sternguard Veteran Squad
2266|Librarian|126|Infernus Squad
1346|Lieutenant|4137|Sternguard Veteran Squad
3815|Watch Master|4174|Aquila Kill Team
4204|Ferren Areios|126|Infernus Squad
121|Uriel Ventris|1154|Vanguard Veteran Squad
169|Gabriel Seth|2255|Sternguard Veteran Squad
2713|Pedro Kantor|2772|Company Heroes
3831|Blood Angels Captain|2103|Command Squad
874|Inquisitor Greyfax|3826|Indomitor Kill Team
4183|Marneus Calgar in Armour of Antilochus|61|Assault Squad
12|Mek|45|Flash Gitz
63|Apothecary on Bike|2712|Outrider Squad
2701|Captain In Phobos Armour|1159|Incursor Squad
840|Tech-priest Enginseer|4119|Servitor Battleclade
4227|Bannernob|21|Nobz
3815|Watch Master|3816|Deathwatch Kill Team
938|Sorcerer|2570|Legionaries
286|Krom Dragongaze|4131|Wolf Guard Headtakers
73|Captain|2103|Command Squad
2708|Kayvaan Shrike|64|Assault Squad with Jump Packs
2794|High Marshal Helbrecht|1157|Intercessor Squad
140|Techmarine|1157|Intercessor Squad
2748|Ravenwing Command Squad|241|Ravenwing Black Knights
2707|Judiciar|324|Skyclaws
151|Commander Dante|147|Vanguard Veteran Squad With Jump Packs
2100|Adrax Agatone|2772|Company Heroes
936|Dark Apostle|2570|Legionaries
306|Iron Priest|305|Grey Hunters
4202|Tyranid Prime with Lash Whip|469|Hormagaunts
169|Gabriel Seth|2098|Hellblaster Squad
15|Mad Dok Grotsnik|20|Tankbustas
877|Inquisitor|3827|Spectrus Kill Team
2090|Inquisitor Draxus|2767|Inquisitorial Agents
2793|Castellan|1157|Intercessor Squad
79|Librarian In Terminator Armour|1183|Terminator Squad
225|Asmodai|1154|Vanguard Veteran Squad
2773|Apothecary|3698|Inner Circle Companions
3831|Blood Angels Captain|70|Tactical Squad
839|Tech-priest Dominus|848|Skitarii Rangers
79|Librarian In Terminator Armour|3873|Deathwatch Terminator Squad
4204|Ferren Areios|71|Bladeguard Veteran Squad
2478|Skitarii Marshal|1525|Secutarii Hoplites
2234|Primaris Company Champion|1157|Intercessor Squad
1345|Lieutenant In Reiver Armour|2718|Reiver Squad
1581|Master Of Possession|4191|Red Corsairs Raiders
140|Techmarine|147|Vanguard Veteran Squad With Jump Packs
2795|Emperor’s Champion|4137|Sternguard Veteran Squad
4204|Ferren Areios|2772|Company Heroes
4045|Cultist Firebrand|4057|Negavolt Cultists
158|Sanguinary Priest|2270|Desolation Squad
902|Dialogus|4075|Sanctifiers
2296|Lazarus|3698|Inner Circle Companions
1344|Librarian with Jump Pack|64|Assault Squad with Jump Packs
152|Captain Tycho|2103|Command Squad
839|Tech-priest Dominus|849|Skitarii Vanguard
374|Grand Master Voldus|382|Brotherhood Terminator Squad
933|Chaos Lord On Disc Of Tzeentch|3876|Nemesis Claw
4155|Lady Malys|648|Incubi
634|Archon|644|Kabalite Warriors
4155|Lady Malys|644|Kabalite Warriors
4166|Caanok Var|118|Terminator Assault Squad
140|Techmarine|2799|Crusader Squad
4183|Marneus Calgar in Armour of Antilochus|147|Vanguard Veteran Squad With Jump Packs
840|Tech-priest Enginseer|843|Fulgurite Electro-priests
2709|Kor’sarro Khan|1606|Assault Intercessor Squad
2296|Lazarus|61|Assault Squad
1346|Lieutenant|1606|Assault Intercessor Squad
1537|Deffkilla Wartrike|36|Warbuggies
2063|Triumph Of Saint Katherine|4075|Sanctifiers
876|Inquisitor Coteaz|3826|Indomitor Kill Team
73|Captain|315|Wolf Guard
408|Aun’shi|2588|Kroot Farstalkers
402|Commander In Coldstar Battlesuit|3701|Crisis Starscythe Battlesuits
2726|Vulkan He’stan|1154|Vanguard Veteran Squad
306|Iron Priest|303|Blood Claws
4228|Bigboss|21|Nobz
2707|Judiciar|2780|Fortis Kill Team
4173|Inquisitor Ostromandeus|3818|Sisters of Battle Squad
2760|Inquisitor In Terminator Armour|2685|Exaction Squad
1478|Commander In Enforcer Battlesuit|3701|Crisis Starscythe Battlesuits
1478|Commander In Enforcer Battlesuit|3699|Crisis Sunforge Battlesuits
152|Captain Tycho|147|Vanguard Veteran Squad With Jump Packs
402|Commander In Coldstar Battlesuit|3700|Crisis Fireknife Battlesuits
2477|Technoarcheologist|4211|Hastarii Exterminators
406|Commander Farsight|3701|Crisis Starscythe Battlesuits
402|Commander In Coldstar Battlesuit|3699|Crisis Sunforge Battlesuits
2678|Chaplain Cassius|64|Assault Squad with Jump Packs
2473|Tor Garadon|4231|Eradicator Squad with Heavy Bolters
4178|Geomancer|4176|Canoptek Macrocytes
4178|Geomancer|535|Immortals
4178|Geomancer|534|Necron Warriors
889|Primaris Psyker|2374|Death Korps Grenadier Squad
2760|Inquisitor In Terminator Armour|4074|Sanctifiers
2296|Lazarus|1154|Vanguard Veteran Squad
2707|Judiciar|1606|Assault Intercessor Squad
4183|Marneus Calgar in Armour of Antilochus|1606|Assault Intercessor Squad
928|Fabius Bile|2571|Accursed Cultists
2775|Ancient|126|Infernus Squad
1584|Master Of Executions|4191|Red Corsairs Raiders
840|Tech-priest Enginseer|848|Skitarii Rangers
2796|Marshal|1606|Assault Intercessor Squad
4173|Inquisitor Ostromandeus|2587|Imperial Navy Breachers
2775|Ancient|1606|Assault Intercessor Squad
2234|Primaris Company Champion|2798|Sword Brethren Squad
2234|Primaris Company Champion|4175|Decimus Kill Team
2678|Chaplain Cassius|147|Vanguard Veteran Squad With Jump Packs
286|Krom Dragongaze|315|Wolf Guard
226|Ezekiel|1157|Intercessor Squad
4244|Ciaphas Cain|2746|Tempestus Scions
1611|Chief Librarian Tigurius|1157|Intercessor Squad
3889|Krieg Command Squad|2374|Death Korps Grenadier Squad
73|Captain|126|Infernus Squad
4183|Marneus Calgar in Armour of Antilochus|71|Bladeguard Veteran Squad
2795|Emperor’s Champion|61|Assault Squad
73|Captain|4175|Decimus Kill Team
4188|Wardens of Ultramar|1606|Assault Intercessor Squad
4234|Company Champion on Bike|116|Bike Squad
148|Imperial Space Marine|324|Skyclaws
112|Chaplain With Jump Pack|324|Skyclaws
2793|Castellan|1606|Assault Intercessor Squad
218|Azrael|1154|Vanguard Veteran Squad
226|Ezekiel|126|Infernus Squad
2709|Kor’sarro Khan|71|Bladeguard Veteran Squad
4187|Captain Titus|64|Assault Squad with Jump Packs
1478|Commander In Enforcer Battlesuit|3700|Crisis Fireknife Battlesuits
2234|Primaris Company Champion|315|Wolf Guard
2234|Primaris Company Champion|1606|Assault Intercessor Squad
304|Lukas The Trickster|303|Blood Claws
3707|Big Mek|45|Flash Gitz
1348|Librarian on Bike|2712|Outrider Squad
2100|Adrax Agatone|1157|Intercessor Squad
584|Warlock Conclave|589|Guardian Defenders
1174|Chaplain|2737|Death Company Marines With Jump Packs
2775|Ancient|3698|Inner Circle Companions
4183|Marneus Calgar in Armour of Antilochus|2099|Aggressor Squad
840|Tech-priest Enginseer|844|Corpuscarii Electro-priests
140|Techmarine|326|Long Fangs
3831|Blood Angels Captain|2255|Sternguard Veteran Squad
3880|Winged Tyranid Prime|3881|Gargoyles
4183|Marneus Calgar in Armour of Antilochus|2255|Sternguard Veteran Squad
4204|Ferren Areios|3698|Inner Circle Companions
2792|Chaplain Grimaldus|2799|Crusader Squad
121|Uriel Ventris|71|Bladeguard Veteran Squad
4204|Ferren Areios|324|Skyclaws
2796|Marshal|2799|Crusader Squad
225|Asmodai|126|Infernus Squad
121|Uriel Ventris|1606|Assault Intercessor Squad
839|Tech-priest Dominus|844|Corpuscarii Electro-priests
2773|Apothecary|2270|Desolation Squad
876|Inquisitor Coteaz|3827|Spectrus Kill Team
73|Captain|3698|Inner Circle Companions
2606|Ursula Creed|2615|Kasrkin
3946|Quartermaster Cadre Squad|4001|Death Korps Grenadier Squad
140|Techmarine|2202|Devastator Squad
140|Techmarine|1154|Vanguard Veteran Squad
925|Huron Blackheart|4191|Red Corsairs Raiders
286|Krom Dragongaze|303|Blood Claws
218|Azrael|126|Infernus Squad
152|Captain Tycho|71|Bladeguard Veteran Squad
225|Asmodai|2255|Sternguard Veteran Squad
169|Gabriel Seth|1606|Assault Intercessor Squad
2773|Apothecary|2799|Crusader Squad
169|Gabriel Seth|126|Infernus Squad
2678|Chaplain Cassius|2725|Tyrannic War Veterans
73|Captain|71|Bladeguard Veteran Squad
4188|Wardens of Ultramar|1157|Intercessor Squad
4187|Captain Titus|2103|Command Squad
158|Sanguinary Priest|1157|Intercessor Squad
158|Sanguinary Priest|70|Tactical Squad
1346|Lieutenant|2255|Sternguard Veteran Squad
2794|High Marshal Helbrecht|61|Assault Squad
2605|Lord Solar Leontus|2615|Kasrkin
218|Azrael|2255|Sternguard Veteran Squad
3940|Catachan Command Squad|3949|Catachan Jungle Fighters
3943|Primaris Psyker|3949|Catachan Jungle Fighters
1466|Horticulous Slimux|1337|Pox Riders
1346|Lieutenant|1154|Vanguard Veteran Squad
4187|Captain Titus|61|Assault Squad
73|Captain|4185|Victrix Honour Guard
4183|Marneus Calgar in Armour of Antilochus|1157|Intercessor Squad
1553|Ministorum Priest|4189|Celestian Insidiants
2473|Tor Garadon|1177|Heavy Intercessor Squad
4204|Ferren Areios|2780|Fortis Kill Team
4183|Marneus Calgar in Armour of Antilochus|118|Terminator Assault Squad
1580|Tech-priest Manipulus|4212|Hastarii Fusiliers
1348|Librarian on Bike|116|Bike Squad
112|Chaplain With Jump Pack|3837|Death Company Marines with Boltguns and Jump Packs
135|Captain In Terminator Armour|104|Relic Terminator Squad
160|Brother Corbulo|1606|Assault Intercessor Squad
2477|Technoarcheologist|4119|Servitor Battleclade
226|Ezekiel|70|Tactical Squad
140|Techmarine|315|Wolf Guard
4187|Captain Titus|2255|Sternguard Veteran Squad
73|Captain|2098|Hellblaster Squad
160|Brother Corbulo|64|Assault Squad with Jump Packs
2234|Primaris Company Champion|71|Bladeguard Veteran Squad
1174|Chaplain|3837|Death Company Marines with Boltguns and Jump Packs
2477|Technoarcheologist|844|Corpuscarii Electro-priests
158|Sanguinary Priest|61|Assault Squad
2609|Cadian Command Squad|2612|Cadian Shock Troops
4183|Marneus Calgar in Armour of Antilochus|1183|Terminator Squad
2702|Captain on Bike|241|Ravenwing Black Knights
169|Gabriel Seth|1157|Intercessor Squad
1584|Master Of Executions|952|Chosen
928|Fabius Bile|946|Cultist Mob
2569|Dark Commune|946|Cultist Mob
944|Warpsmith|966|Havocs
934|Chaos Lord On Palanquin Of Nurgle|3876|Nemesis Claw
115|Chaplain In Terminator Armour|231|Deathwing Knights
13|Painboy|3861|Breaka Boyz
936|Dark Apostle|1601|Negavolt Cultists
936|Dark Apostle|3713|Cultist Mob with Firearms
941|Sorcerer On Disc Of Tzeentch|2570|Legionaries
944|Warpsmith|4191|Red Corsairs Raiders
4188|Wardens of Ultramar|64|Assault Squad with Jump Packs
942|Sorcerer On Palanquin Of Nurgle|2570|Legionaries
1584|Master Of Executions|2570|Legionaries
3943|Primaris Psyker|3976|Kasrkin
2543|The Visarch|632|Corsair Reaver Band
4193|Prince Yriel|2531|Corsair Voidreavers
4204|Ferren Areios|315|Wolf Guard
2707|Judiciar|2799|Crusader Squad
2543|The Visarch|3917|Ynnari Wyches
2542|Yvraine|3918|Ynnari Incubi
4201|Berehk Stornbröw|2600|Cthonian Beserks
2694|Winged Tyranid Prime|2692|Tyranid Warriors With Ranged Bio-weapons
2694|Winged Tyranid Prime|2691|Tyranid Warriors With Melee Bio-weapons
4202|Tyranid Prime with Lash Whip|2691|Tyranid Warriors With Melee Bio-weapons
4202|Tyranid Prime with Lash Whip|2692|Tyranid Warriors With Ranged Bio-weapons
2707|Judiciar|71|Bladeguard Veteran Squad
2266|Librarian|324|Skyclaws
218|Azrael|71|Bladeguard Veteran Squad
1174|Chaplain|2098|Hellblaster Squad
2707|Judiciar|3698|Inner Circle Companions
1477|Commander In Crisis Battlesuit|3701|Crisis Starscythe Battlesuits
152|Captain Tycho|126|Infernus Squad
140|Techmarine|1606|Assault Intercessor Squad
1174|Chaplain|147|Vanguard Veteran Squad With Jump Packs
1345|Lieutenant In Reiver Armour|2806|Hounds Of Morkai
4216|Commissar Yarrick|2374|Death Korps Grenadier Squad
2607|Cadian Castellan|2615|Kasrkin
4183|Marneus Calgar in Armour of Antilochus|126|Infernus Squad
874|Inquisitor Greyfax|2767|Inquisitorial Agents
1346|Lieutenant|1157|Intercessor Squad
2519|Valerian|1563|Sagittarum Custodians
4205|Kravek Morne|4206|Mutilators
4205|Kravek Morne|965|Obliterators
4205|Kravek Morne|947|Chaos Terminator Squad
2105|Darnath Lysander|104|Relic Terminator Squad
840|Tech-priest Enginseer|1525|Secutarii Hoplites
4218|Commissar Graves on Foot|2615|Kasrkin
3891|Catachan Command Squad|2614|Catachan Jungle Fighters
4218|Commissar Graves on Foot|3893|Krieg Combat Engineers
2606|Ursula Creed|2612|Cadian Shock Troops
4216|Commissar Yarrick|3893|Krieg Combat Engineers
2605|Lord Solar Leontus|3893|Krieg Combat Engineers
4216|Commissar Yarrick|2615|Kasrkin
4218|Commissar Graves on Foot|2746|Tempestus Scions
2605|Lord Solar Leontus|2612|Cadian Shock Troops
4216|Commissar Yarrick|2746|Tempestus Scions
2375|Quartermaster Cadre Squad|2613|Death Korps Of Krieg
2605|Lord Solar Leontus|2614|Catachan Jungle Fighters
2775|Ancient|2202|Devastator Squad
839|Tech-priest Dominus|843|Fulgurite Electro-priests
3889|Krieg Command Squad|2613|Death Korps Of Krieg
15|Mad Dok Grotsnik|19|Burna Boyz
4167|Suboden Khan|1166|Company Veterans On Bikes
1536|Big Mek With Shokk Attack Gun|21|Nobz
2100|Adrax Agatone|64|Assault Squad with Jump Packs
2775|Ancient|1154|Vanguard Veteran Squad
4166|Caanok Var|104|Relic Terminator Squad
2477|Technoarcheologist|1525|Secutarii Hoplites
1580|Tech-priest Manipulus|4211|Hastarii Exterminators
140|Techmarine|2798|Sword Brethren Squad
373|Kaldor Draigo|382|Brotherhood Terminator Squad
1477|Commander In Crisis Battlesuit|3699|Crisis Sunforge Battlesuits
406|Commander Farsight|418|Crisis Battlesuits
1478|Commander In Enforcer Battlesuit|418|Crisis Battlesuits
934|Chaos Lord On Palanquin Of Nurgle|4191|Red Corsairs Raiders
936|Dark Apostle|946|Cultist Mob
1581|Master Of Possession|952|Chosen
634|Archon|2471|Court of the Archon
2709|Kor’sarro Khan|2772|Company Heroes
2234|Primaris Company Champion|3698|Inner Circle Companions
2794|High Marshal Helbrecht|1154|Vanguard Veteran Squad
4239|Runtherd|17|Gretchin
1396|Tech-Priest Enginseer|2374|Death Korps Grenadier Squad
2291|Sammael|116|Bike Squad
4204|Ferren Areios|1154|Vanguard Veteran Squad
2775|Ancient|2780|Fortis Kill Team
941|Sorcerer On Disc Of Tzeentch|4191|Red Corsairs Raiders
874|Inquisitor Greyfax|3825|Fortis Kill Team
3815|Watch Master|3826|Indomitor Kill Team
2726|Vulkan He’stan|61|Assault Squad
2518|Blade Champion|1450|Custodian Wardens
1580|Tech-priest Manipulus|842|Kataphron Destroyers
1611|Chief Librarian Tigurius|71|Bladeguard Veteran Squad
1346|Lieutenant|2103|Command Squad
2478|Skitarii Marshal|1526|Secutarii Peltasts
3712|Cultist Firebrand|1601|Negavolt Cultists
152|Captain Tycho|1157|Intercessor Squad
2542|Yvraine|3917|Ynnari Wyches
3831|Blood Angels Captain|1606|Assault Intercessor Squad
1580|Tech-priest Manipulus|849|Skitarii Vanguard
2775|Ancient|61|Assault Squad
13|Painboy|45|Flash Gitz
2802|Wolf Guard Pack Leader With Jump Pack|324|Skyclaws
4039|Chaos Lord On Disc Of Tzeentch|4044|Chosen
73|Captain|1606|Assault Intercessor Squad
1611|Chief Librarian Tigurius|2202|Devastator Squad
2100|Adrax Agatone|1606|Assault Intercessor Squad
874|Inquisitor Greyfax|3818|Sisters of Battle Squad
4187|Captain Titus|2772|Company Heroes
938|Sorcerer|3876|Nemesis Claw
2773|Apothecary|147|Vanguard Veteran Squad With Jump Packs
3712|Cultist Firebrand|946|Cultist Mob
1536|Big Mek With Shokk Attack Gun|16|Boyz
2702|Captain on Bike|1166|Company Veterans On Bikes
2090|Inquisitor Draxus|2684|Subductor Squad
2707|Judiciar|2783|Deathwatch Veterans
2477|Technoarcheologist|843|Fulgurite Electro-priests
115|Chaplain In Terminator Armour|104|Relic Terminator Squad
4041|Chaos Lord On Palanquin Of Nurgle|4044|Chosen
1580|Tech-priest Manipulus|841|Kataphron Breachers
840|Tech-priest Enginseer|849|Skitarii Vanguard
2804|Wolf Guard Pack Leader|326|Long Fangs
121|Uriel Ventris|147|Vanguard Veteran Squad With Jump Packs
3939|Cadian Command Squad|3948|Cadian Shock Troops
2677|Ancient In Terminator Armour|104|Relic Terminator Squad
121|Uriel Ventris|4185|Victrix Honour Guard
4167|Suboden Khan|2712|Outrider Squad
3707|Big Mek|16|Boyz
4183|Marneus Calgar in Armour of Antilochus|1177|Heavy Intercessor Squad
1447|Shield-captain|882|Custodian Guard
3938|Cadian Castellan|3976|Kasrkin
2605|Lord Solar Leontus|2613|Death Korps Of Krieg
4183|Marneus Calgar in Armour of Antilochus|2103|Command Squad
2701|Captain In Phobos Armour|2718|Reiver Squad
1579|Inquisitor Eisenhorn|3826|Indomitor Kill Team
3815|Watch Master|3822|Deathwatch Terminator Squad
3815|Watch Master|3827|Spectrus Kill Team
286|Krom Dragongaze|318|Wolf Guard Terminators
2775|Ancient|326|Long Fangs
3712|Cultist Firebrand|2571|Accursed Cultists
1174|Chaplain|1606|Assault Intercessor Squad
2707|Judiciar|61|Assault Squad
2478|Skitarii Marshal|848|Skitarii Rangers
2707|Judiciar|147|Vanguard Veteran Squad With Jump Packs
3840|Tech-priest Manipulus|3843|Skitarii Vanguard
3941|Krieg Command Squad|4001|Death Korps Grenadier Squad
4218|Commissar Graves on Foot|2374|Death Korps Grenadier Squad
716|Commissar|2374|Death Korps Grenadier Squad
2478|Skitarii Marshal|849|Skitarii Vanguard
3840|Tech-priest Manipulus|3842|Skitarii Rangers
